method,split,n_words,forbidden_word_rate_mean,retention_recall_mean
dpo,retain_eval,10,0.0,0.9485687639906795
ga,retain_eval,10,0.0,0.9597956063442696
reference,retain_eval,10,0.0,0.9483952513201489
rewrite,retain_eval,10,0.0,0.9389663613787089
dpo,target_eval,8,0.9708333333333333,0.946285159137669
ga,target_eval,8,0.9791666666666666,0.9523316932389134
reference,target_eval,8,0.9375,0.9544627263589347
rewrite,target_eval,8,0.0,0.9203725389706833
